year,age_bin_scheme,age_bin_order,victim_age_bin,male_offender_records,female_offender_records,unknown_or_not_specified_offender_records,known_sex_offender_records,total_offender_records,male_percent_known_sex,female_percent_known_sex,male_percent_all_records,female_percent_all_records,unknown_or_not_specified_percent_all_records,male_to_female_ratio_known_sex
1985,standard_nonoverlap,1,under 1 year,66,94,7,160,167,41.250,58.750,39.521,56.287,4.192,0.702
1985,standard_nonoverlap,2,1-4 years,102,64,3,166,169,61.446,38.554,60.355,37.870,1.775,1.594
1985,standard_nonoverlap,3,5-9 years,36,14,0,50,50,72.000,28.000,72.000,28.000,0.000,2.571
1985,standard_nonoverlap,4,10-14 years,17,4,0,21,21,80.952,19.048,80.952,19.048,0.000,4.250
1985,standard_nonoverlap,5,15-17 years,9,3,0,12,12,75.000,25.000,75.000,25.000,0.000,3.000
1985,overall,1,under 18 years,230,179,10,409,419,56.235,43.765,54.893,42.721,2.387,1.285
1986,standard_nonoverlap,1,under 1 year,78,107,3,185,188,42.162,57.838,41.489,56.915,1.596,0.729
1986,standard_nonoverlap,2,1-4 years,88,95,1,183,184,48.087,51.913,47.826,51.630,0.543,0.926
1986,standard_nonoverlap,3,5-9 years,16,20,0,36,36,44.444,55.556,44.444,55.556,0.000,0.800
1986,standard_nonoverlap,4,10-14 years,12,4,0,16,16,75.000,25.000,75.000,25.000,0.000,3.000
1986,standard_nonoverlap,5,15-17 years,9,4,0,13,13,69.231,30.769,69.231,30.769,0.000,2.250
1986,overall,1,under 18 years,203,230,4,433,437,46.882,53.118,46.453,52.632,0.915,0.883
1987,standard_nonoverlap,1,under 1 year,86,98,4,184,188,46.739,53.261,45.745,52.128,2.128,0.878
1987,standard_nonoverlap,2,1-4 years,71,75,0,146,146,48.630,51.370,48.630,51.370,0.000,0.947
1987,standard_nonoverlap,3,5-9 years,16,17,0,33,33,48.485,51.515,48.485,51.515,0.000,0.941
1987,standard_nonoverlap,4,10-14 years,13,3,0,16,16,81.250,18.750,81.250,18.750,0.000,4.333
1987,standard_nonoverlap,5,15-17 years,13,6,0,19,19,68.421,31.579,68.421,31.579,0.000,2.167
1987,overall,1,under 18 years,199,199,4,398,402,50.000,50.000,49.502,49.502,0.995,1.000
1988,standard_nonoverlap,1,under 1 year,80,103,2,183,185,43.716,56.284,43.243,55.676,1.081,0.777
1988,standard_nonoverlap,2,1-4 years,73,63,1,136,137,53.676,46.324,53.285,45.985,0.730,1.159
1988,standard_nonoverlap,3,5-9 years,32,15,0,47,47,68.085,31.915,68.085,31.915,0.000,2.133
1988,standard_nonoverlap,4,10-14 years,6,6,0,12,12,50.000,50.000,50.000,50.000,0.000,1.000
1988,standard_nonoverlap,5,15-17 years,7,6,0,13,13,53.846,46.154,53.846,46.154,0.000,1.167
1988,overall,1,under 18 years,198,193,3,391,394,50.639,49.361,50.254,48.985,0.761,1.026
1989,standard_nonoverlap,1,under 1 year,68,107,6,175,181,38.857,61.143,37.569,59.116,3.315,0.636
1989,standard_nonoverlap,2,1-4 years,78,84,2,162,164,48.148,51.852,47.561,51.220,1.220,0.929
1989,standard_nonoverlap,3,5-9 years,23,20,0,43,43,53.488,46.512,53.488,46.512,0.000,1.150
1989,standard_nonoverlap,4,10-14 years,13,6,0,19,19,68.421,31.579,68.421,31.579,0.000,2.167
1989,standard_nonoverlap,5,15-17 years,15,1,0,16,16,93.750,6.250,93.750,6.250,0.000,15.000
1989,overall,1,under 18 years,197,218,8,415,423,47.470,52.530,46.572,51.537,1.891,0.904
1990,standard_nonoverlap,1,under 1 year,78,95,5,173,178,45.087,54.913,43.820,53.371,2.809,0.821
1990,standard_nonoverlap,2,1-4 years,81,63,1,144,145,56.250,43.750,55.862,43.448,0.690,1.286
1990,standard_nonoverlap,3,5-9 years,18,15,0,33,33,54.545,45.455,54.545,45.455,0.000,1.200
1990,standard_nonoverlap,4,10-14 years,21,7,0,28,28,75.000,25.000,75.000,25.000,0.000,3.000
1990,standard_nonoverlap,5,15-17 years,9,4,0,13,13,69.231,30.769,69.231,30.769,0.000,2.250
1990,overall,1,under 18 years,207,184,6,391,397,52.941,47.059,52.141,46.348,1.511,1.125
1991,standard_nonoverlap,1,under 1 year,110,120,2,230,232,47.826,52.174,47.414,51.724,0.862,0.917
1991,standard_nonoverlap,2,1-4 years,85,76,2,161,163,52.795,47.205,52.147,46.626,1.227,1.118
1991,standard_nonoverlap,3,5-9 years,7,17,0,24,24,29.167,70.833,29.167,70.833,0.000,0.412
1991,standard_nonoverlap,4,10-14 years,19,11,0,30,30,63.333,36.667,63.333,36.667,0.000,1.727
1991,standard_nonoverlap,5,15-17 years,9,2,0,11,11,81.818,18.182,81.818,18.182,0.000,4.500
1991,overall,1,under 18 years,230,226,4,456,460,50.439,49.561,50.000,49.130,0.870,1.018
1992,standard_nonoverlap,1,under 1 year,88,75,3,163,166,53.988,46.012,53.012,45.181,1.807,1.173
1992,standard_nonoverlap,2,1-4 years,122,81,5,203,208,60.099,39.901,58.654,38.942,2.404,1.506
1992,standard_nonoverlap,3,5-9 years,27,16,0,43,43,62.791,37.209,62.791,37.209,0.000,1.688
1992,standard_nonoverlap,4,10-14 years,20,6,0,26,26,76.923,23.077,76.923,23.077,0.000,3.333
1992,standard_nonoverlap,5,15-17 years,10,2,0,12,12,83.333,16.667,83.333,16.667,0.000,5.000
1992,overall,1,under 18 years,267,180,8,447,455,59.732,40.268,58.681,39.560,1.758,1.483
1993,standard_nonoverlap,1,under 1 year,94,74,3,168,171,55.952,44.048,54.971,43.275,1.754,1.270
1993,standard_nonoverlap,2,1-4 years,125,97,1,222,223,56.306,43.694,56.054,43.498,0.448,1.289
1993,standard_nonoverlap,3,5-9 years,23,13,0,36,36,63.889,36.111,63.889,36.111,0.000,1.769
1993,standard_nonoverlap,4,10-14 years,22,7,0,29,29,75.862,24.138,75.862,24.138,0.000,3.143
1993,standard_nonoverlap,5,15-17 years,9,2,0,11,11,81.818,18.182,81.818,18.182,0.000,4.500
1993,overall,1,under 18 years,273,193,4,466,470,58.584,41.416,58.085,41.064,0.851,1.415
1994,standard_nonoverlap,1,under 1 year,85,96,3,181,184,46.961,53.039,46.196,52.174,1.630,0.885
1994,standard_nonoverlap,2,1-4 years,110,111,0,221,221,49.774,50.226,49.774,50.226,0.000,0.991
1994,standard_nonoverlap,3,5-9 years,20,17,1,37,38,54.054,45.946,52.632,44.737,2.632,1.176
1994,standard_nonoverlap,4,10-14 years,8,2,0,10,10,80.000,20.000,80.000,20.000,0.000,4.000
1994,standard_nonoverlap,5,15-17 years,8,0,0,8,8,100.000,0.000,100.000,0.000,0.000,
1994,overall,1,under 18 years,231,226,4,457,461,50.547,49.453,50.108,49.024,0.868,1.022
1995,standard_nonoverlap,1,under 1 year,86,75,1,161,162,53.416,46.584,53.086,46.296,0.617,1.147
1995,standard_nonoverlap,2,1-4 years,110,104,0,214,214,51.402,48.598,51.402,48.598,0.000,1.058
1995,standard_nonoverlap,3,5-9 years,15,14,0,29,29,51.724,48.276,51.724,48.276,0.000,1.071
1995,standard_nonoverlap,4,10-14 years,15,4,0,19,19,78.947,21.053,78.947,21.053,0.000,3.750
1995,standard_nonoverlap,5,15-17 years,13,3,0,16,16,81.250,18.750,81.250,18.750,0.000,4.333
1995,overall,1,under 18 years,239,200,1,439,440,54.442,45.558,54.318,45.455,0.227,1.195
1996,standard_nonoverlap,1,under 1 year,93,91,7,184,191,50.543,49.457,48.691,47.644,3.665,1.022
1996,standard_nonoverlap,2,1-4 years,91,88,3,179,182,50.838,49.162,50.000,48.352,1.648,1.034
1996,standard_nonoverlap,3,5-9 years,22,17,0,39,39,56.410,43.590,56.410,43.590,0.000,1.294
1996,standard_nonoverlap,4,10-14 years,8,1,0,9,9,88.889,11.111,88.889,11.111,0.000,8.000
1996,standard_nonoverlap,5,15-17 years,8,2,0,10,10,80.000,20.000,80.000,20.000,0.000,4.000
1996,overall,1,under 18 years,222,199,10,421,431,52.732,47.268,51.508,46.172,2.320,1.116
1997,standard_nonoverlap,1,under 1 year,81,85,3,166,169,48.795,51.205,47.929,50.296,1.775,0.953
1997,standard_nonoverlap,2,1-4 years,86,85,0,171,171,50.292,49.708,50.292,49.708,0.000,1.012
1997,standard_nonoverlap,3,5-9 years,23,26,0,49,49,46.939,53.061,46.939,53.061,0.000,0.885
1997,standard_nonoverlap,4,10-14 years,13,7,0,20,20,65.000,35.000,65.000,35.000,0.000,1.857
1997,standard_nonoverlap,5,15-17 years,9,1,0,10,10,90.000,10.000,90.000,10.000,0.000,9.000
1997,overall,1,under 18 years,212,204,3,416,419,50.962,49.038,50.597,48.687,0.716,1.039
1998,standard_nonoverlap,1,under 1 year,88,73,0,161,161,54.658,45.342,54.658,45.342,0.000,1.205
1998,standard_nonoverlap,2,1-4 years,89,79,0,168,168,52.976,47.024,52.976,47.024,0.000,1.127
1998,standard_nonoverlap,3,5-9 years,19,22,0,41,41,46.341,53.659,46.341,53.659,0.000,0.864
1998,standard_nonoverlap,4,10-14 years,15,8,0,23,23,65.217,34.783,65.217,34.783,0.000,1.875
1998,standard_nonoverlap,5,15-17 years,6,3,0,9,9,66.667,33.333,66.667,33.333,0.000,2.000
1998,overall,1,under 18 years,217,185,0,402,402,53.980,46.020,53.980,46.020,0.000,1.173
1999,standard_nonoverlap,1,under 1 year,81,71,0,152,152,53.289,46.711,53.289,46.711,0.000,1.141
1999,standard_nonoverlap,2,1-4 years,72,66,0,138,138,52.174,47.826,52.174,47.826,0.000,1.091
1999,standard_nonoverlap,3,5-9 years,26,24,0,50,50,52.000,48.000,52.000,48.000,0.000,1.083
1999,standard_nonoverlap,4,10-14 years,8,7,0,15,15,53.333,46.667,53.333,46.667,0.000,1.143
1999,standard_nonoverlap,5,15-17 years,15,0,0,15,15,100.000,0.000,100.000,0.000,0.000,
1999,overall,1,under 18 years,202,168,0,370,370,54.595,45.405,54.595,45.405,0.000,1.202
2000,standard_nonoverlap,1,under 1 year,90,72,0,162,162,55.556,44.444,55.556,44.444,0.000,1.250
2000,standard_nonoverlap,2,1-4 years,74,52,1,126,127,58.730,41.270,58.268,40.945,0.787,1.423
2000,standard_nonoverlap,3,5-9 years,24,9,0,33,33,72.727,27.273,72.727,27.273,0.000,2.667
2000,standard_nonoverlap,4,10-14 years,5,4,0,9,9,55.556,44.444,55.556,44.444,0.000,1.250
2000,standard_nonoverlap,5,15-17 years,9,2,0,11,11,81.818,18.182,81.818,18.182,0.000,4.500
2000,overall,1,under 18 years,202,139,1,341,342,59.238,40.762,59.064,40.643,0.292,1.453
2001,standard_nonoverlap,1,under 1 year,91,78,0,169,169,53.846,46.154,53.846,46.154,0.000,1.167
2001,standard_nonoverlap,2,1-4 years,83,64,1,147,148,56.463,43.537,56.081,43.243,0.676,1.297
2001,standard_nonoverlap,3,5-9 years,32,15,0,47,47,68.085,31.915,68.085,31.915,0.000,2.133
2001,standard_nonoverlap,4,10-14 years,19,8,0,27,27,70.370,29.630,70.370,29.630,0.000,2.375
2001,standard_nonoverlap,5,15-17 years,8,3,0,11,11,72.727,27.273,72.727,27.273,0.000,2.667
2001,overall,1,under 18 years,233,168,1,401,402,58.105,41.895,57.960,41.791,0.249,1.387
2002,standard_nonoverlap,1,under 1 year,77,62,0,139,139,55.396,44.604,55.396,44.604,0.000,1.242
2002,standard_nonoverlap,2,1-4 years,81,69,0,150,150,54.000,46.000,54.000,46.000,0.000,1.174
2002,standard_nonoverlap,3,5-9 years,15,14,0,29,29,51.724,48.276,51.724,48.276,0.000,1.071
2002,standard_nonoverlap,4,10-14 years,12,9,0,21,21,57.143,42.857,57.143,42.857,0.000,1.333
2002,standard_nonoverlap,5,15-17 years,11,0,0,11,11,100.000,0.000,100.000,0.000,0.000,
2002,overall,1,under 18 years,196,154,0,350,350,56.000,44.000,56.000,44.000,0.000,1.273
2003,standard_nonoverlap,1,under 1 year,95,73,0,168,168,56.548,43.452,56.548,43.452,0.000,1.301
2003,standard_nonoverlap,2,1-4 years,87,82,0,169,169,51.479,48.521,51.479,48.521,0.000,1.061
2003,standard_nonoverlap,3,5-9 years,22,13,0,35,35,62.857,37.143,62.857,37.143,0.000,1.692
2003,standard_nonoverlap,4,10-14 years,6,4,0,10,10,60.000,40.000,60.000,40.000,0.000,1.500
2003,standard_nonoverlap,5,15-17 years,7,0,0,7,7,100.000,0.000,100.000,0.000,0.000,
2003,overall,1,under 18 years,217,172,0,389,389,55.784,44.216,55.784,44.216,0.000,1.262
2004,standard_nonoverlap,1,under 1 year,84,42,0,126,126,66.667,33.333,66.667,33.333,0.000,2.000
2004,standard_nonoverlap,2,1-4 years,90,79,0,169,169,53.254,46.746,53.254,46.746,0.000,1.139
2004,standard_nonoverlap,3,5-9 years,18,21,0,39,39,46.154,53.846,46.154,53.846,0.000,0.857
2004,standard_nonoverlap,4,10-14 years,5,10,0,15,15,33.333,66.667,33.333,66.667,0.000,0.500
2004,standard_nonoverlap,5,15-17 years,9,3,0,12,12,75.000,25.000,75.000,25.000,0.000,3.000
2004,overall,1,under 18 years,206,155,0,361,361,57.064,42.936,57.064,42.936,0.000,1.329
2005,standard_nonoverlap,1,under 1 year,82,64,0,146,146,56.164,43.836,56.164,43.836,0.000,1.281
2005,standard_nonoverlap,2,1-4 years,80,67,0,147,147,54.422,45.578,54.422,45.578,0.000,1.194
2005,standard_nonoverlap,3,5-9 years,23,16,0,39,39,58.974,41.026,58.974,41.026,0.000,1.438
2005,standard_nonoverlap,4,10-14 years,13,11,0,24,24,54.167,45.833,54.167,45.833,0.000,1.182
2005,standard_nonoverlap,5,15-17 years,5,1,0,6,6,83.333,16.667,83.333,16.667,0.000,5.000
2005,overall,1,under 18 years,203,159,0,362,362,56.077,43.923,56.077,43.923,0.000,1.277
2006,standard_nonoverlap,1,under 1 year,98,72,0,170,170,57.647,42.353,57.647,42.353,0.000,1.361
2006,standard_nonoverlap,2,1-4 years,85,62,0,147,147,57.823,42.177,57.823,42.177,0.000,1.371
2006,standard_nonoverlap,3,5-9 years,23,14,0,37,37,62.162,37.838,62.162,37.838,0.000,1.643
2006,standard_nonoverlap,4,10-14 years,13,6,0,19,19,68.421,31.579,68.421,31.579,0.000,2.167
2006,standard_nonoverlap,5,15-17 years,6,0,0,6,6,100.000,0.000,100.000,0.000,0.000,
2006,overall,1,under 18 years,225,154,0,379,379,59.367,40.633,59.367,40.633,0.000,1.461
2007,standard_nonoverlap,1,under 1 year,93,75,0,168,168,55.357,44.643,55.357,44.643,0.000,1.240
2007,standard_nonoverlap,2,1-4 years,87,73,0,160,160,54.375,45.625,54.375,45.625,0.000,1.192
2007,standard_nonoverlap,3,5-9 years,24,19,0,43,43,55.814,44.186,55.814,44.186,0.000,1.263
2007,standard_nonoverlap,4,10-14 years,13,7,0,20,20,65.000,35.000,65.000,35.000,0.000,1.857
2007,standard_nonoverlap,5,15-17 years,6,3,0,9,9,66.667,33.333,66.667,33.333,0.000,2.000
2007,overall,1,under 18 years,223,177,0,400,400,55.750,44.250,55.750,44.250,0.000,1.260
2008,standard_nonoverlap,1,under 1 year,98,71,0,169,169,57.988,42.012,57.988,42.012,0.000,1.380
2008,standard_nonoverlap,2,1-4 years,90,81,0,171,171,52.632,47.368,52.632,47.368,0.000,1.111
2008,standard_nonoverlap,3,5-9 years,13,15,0,28,28,46.429,53.571,46.429,53.571,0.000,0.867
2008,standard_nonoverlap,4,10-14 years,16,9,0,25,25,64.000,36.000,64.000,36.000,0.000,1.778
2008,standard_nonoverlap,5,15-17 years,5,2,0,7,7,71.429,28.571,71.429,28.571,0.000,2.500
2008,overall,1,under 18 years,222,178,0,400,400,55.500,44.500,55.500,44.500,0.000,1.247
2009,standard_nonoverlap,1,under 1 year,83,65,0,148,148,56.081,43.919,56.081,43.919,0.000,1.277
2009,standard_nonoverlap,2,1-4 years,85,64,0,149,149,57.047,42.953,57.047,42.953,0.000,1.328
2009,standard_nonoverlap,3,5-9 years,21,16,0,37,37,56.757,43.243,56.757,43.243,0.000,1.312
2009,standard_nonoverlap,4,10-14 years,12,10,0,22,22,54.545,45.455,54.545,45.455,0.000,1.200
2009,standard_nonoverlap,5,15-17 years,13,6,0,19,19,68.421,31.579,68.421,31.579,0.000,2.167
2009,overall,1,under 18 years,214,161,0,375,375,57.067,42.933,57.067,42.933,0.000,1.329
2010,standard_nonoverlap,1,under 1 year,90,55,0,145,145,62.069,37.931,62.069,37.931,0.000,1.636
2010,standard_nonoverlap,2,1-4 years,92,77,0,169,169,54.438,45.562,54.438,45.562,0.000,1.195
2010,standard_nonoverlap,3,5-9 years,24,14,0,38,38,63.158,36.842,63.158,36.842,0.000,1.714
2010,standard_nonoverlap,4,10-14 years,8,5,0,13,13,61.538,38.462,61.538,38.462,0.000,1.600
2010,standard_nonoverlap,5,15-17 years,2,1,0,3,3,66.667,33.333,66.667,33.333,0.000,2.000
2010,overall,1,under 18 years,216,152,0,368,368,58.696,41.304,58.696,41.304,0.000,1.421
2011,standard_nonoverlap,1,under 1 year,86,47,1,133,134,64.662,35.338,64.179,35.075,0.746,1.830
2011,standard_nonoverlap,2,1-4 years,91,71,0,162,162,56.173,43.827,56.173,43.827,0.000,1.282
2011,standard_nonoverlap,3,5-9 years,24,20,0,44,44,54.545,45.455,54.545,45.455,0.000,1.200
2011,standard_nonoverlap,4,10-14 years,11,12,1,23,24,47.826,52.174,45.833,50.000,4.167,0.917
2011,standard_nonoverlap,5,15-17 years,7,3,0,10,10,70.000,30.000,70.000,30.000,0.000,2.333
2011,overall,1,under 18 years,219,153,2,372,374,58.871,41.129,58.556,40.909,0.535,1.431
2012,standard_nonoverlap,1,under 1 year,76,43,0,119,119,63.866,36.134,63.866,36.134,0.000,1.767
2012,standard_nonoverlap,2,1-4 years,59,73,0,132,132,44.697,55.303,44.697,55.303,0.000,0.808
2012,standard_nonoverlap,3,5-9 years,24,14,0,38,38,63.158,36.842,63.158,36.842,0.000,1.714
2012,standard_nonoverlap,4,10-14 years,19,7,0,26,26,73.077,26.923,73.077,26.923,0.000,2.714
2012,standard_nonoverlap,5,15-17 years,6,4,0,10,10,60.000,40.000,60.000,40.000,0.000,1.500
2012,overall,1,under 18 years,184,141,0,325,325,56.615,43.385,56.615,43.385,0.000,1.305
2013,standard_nonoverlap,1,under 1 year,65,49,0,114,114,57.018,42.982,57.018,42.982,0.000,1.327
2013,standard_nonoverlap,2,1-4 years,73,66,0,139,139,52.518,47.482,52.518,47.482,0.000,1.106
2013,standard_nonoverlap,3,5-9 years,18,13,0,31,31,58.065,41.935,58.065,41.935,0.000,1.385
2013,standard_nonoverlap,4,10-14 years,15,7,0,22,22,68.182,31.818,68.182,31.818,0.000,2.143
2013,standard_nonoverlap,5,15-17 years,5,2,0,7,7,71.429,28.571,71.429,28.571,0.000,2.500
2013,overall,1,under 18 years,176,137,0,313,313,56.230,43.770,56.230,43.770,0.000,1.285
2014,standard_nonoverlap,1,under 1 year,91,55,0,146,146,62.329,37.671,62.329,37.671,0.000,1.655
2014,standard_nonoverlap,2,1-4 years,64,81,0,145,145,44.138,55.862,44.138,55.862,0.000,0.790
2014,standard_nonoverlap,3,5-9 years,22,22,0,44,44,50.000,50.000,50.000,50.000,0.000,1.000
2014,standard_nonoverlap,4,10-14 years,10,11,0,21,21,47.619,52.381,47.619,52.381,0.000,0.909
2014,standard_nonoverlap,5,15-17 years,4,0,0,4,4,100.000,0.000,100.000,0.000,0.000,
2014,overall,1,under 18 years,191,169,0,360,360,53.056,46.944,53.056,46.944,0.000,1.130
2015,standard_nonoverlap,1,under 1 year,78,58,0,136,136,57.353,42.647,57.353,42.647,0.000,1.345
2015,standard_nonoverlap,2,1-4 years,65,53,1,118,119,55.085,44.915,54.622,44.538,0.840,1.226
2015,standard_nonoverlap,3,5-9 years,17,18,0,35,35,48.571,51.429,48.571,51.429,0.000,0.944
2015,standard_nonoverlap,4,10-14 years,10,7,1,17,18,58.824,41.176,55.556,38.889,5.556,1.429
2015,standard_nonoverlap,5,15-17 years,6,5,0,11,11,54.545,45.455,54.545,45.455,0.000,1.200
2015,overall,1,under 18 years,176,141,2,317,319,55.521,44.479,55.172,44.201,0.627,1.248
2016,standard_nonoverlap,1,under 1 year,84,56,0,140,140,60.000,40.000,60.000,40.000,0.000,1.500
2016,standard_nonoverlap,2,1-4 years,66,49,1,115,116,57.391,42.609,56.897,42.241,0.862,1.347
2016,standard_nonoverlap,3,5-9 years,20,17,0,37,37,54.054,45.946,54.054,45.946,0.000,1.176
2016,standard_nonoverlap,4,10-14 years,10,7,0,17,17,58.824,41.176,58.824,41.176,0.000,1.429
2016,standard_nonoverlap,5,15-17 years,5,3,0,8,8,62.500,37.500,62.500,37.500,0.000,1.667
2016,overall,1,under 18 years,185,132,1,317,318,58.360,41.640,58.176,41.509,0.314,1.402
2017,standard_nonoverlap,1,under 1 year,72,59,0,131,131,54.962,45.038,54.962,45.038,0.000,1.220
2017,standard_nonoverlap,2,1-4 years,65,56,1,121,122,53.719,46.281,53.279,45.902,0.820,1.161
2017,standard_nonoverlap,3,5-9 years,19,17,1,36,37,52.778,47.222,51.351,45.946,2.703,1.118
2017,standard_nonoverlap,4,10-14 years,14,12,0,26,26,53.846,46.154,53.846,46.154,0.000,1.167
2017,standard_nonoverlap,5,15-17 years,6,4,0,10,10,60.000,40.000,60.000,40.000,0.000,1.500
2017,overall,1,under 18 years,176,148,2,324,326,54.321,45.679,53.988,45.399,0.613,1.189
2018,standard_nonoverlap,1,under 1 year,72,42,0,114,114,63.158,36.842,63.158,36.842,0.000,1.714
2018,standard_nonoverlap,2,1-4 years,65,83,0,148,148,43.919,56.081,43.919,56.081,0.000,0.783
2018,standard_nonoverlap,3,5-9 years,14,16,0,30,30,46.667,53.333,46.667,53.333,0.000,0.875
2018,standard_nonoverlap,4,10-14 years,17,12,0,29,29,58.621,41.379,58.621,41.379,0.000,1.417
2018,standard_nonoverlap,5,15-17 years,6,3,0,9,9,66.667,33.333,66.667,33.333,0.000,2.000
2018,overall,1,under 18 years,174,156,0,330,330,52.727,47.273,52.727,47.273,0.000,1.115
2019,standard_nonoverlap,1,under 1 year,75,48,0,123,123,60.976,39.024,60.976,39.024,0.000,1.562
2019,standard_nonoverlap,2,1-4 years,63,80,0,143,143,44.056,55.944,44.056,55.944,0.000,0.787
2019,standard_nonoverlap,3,5-9 years,31,31,0,62,62,50.000,50.000,50.000,50.000,0.000,1.000
2019,standard_nonoverlap,4,10-14 years,11,8,0,19,19,57.895,42.105,57.895,42.105,0.000,1.375
2019,standard_nonoverlap,5,15-17 years,3,2,1,5,6,60.000,40.000,50.000,33.333,16.667,1.500
2019,overall,1,under 18 years,183,169,1,352,353,51.989,48.011,51.841,47.875,0.283,1.083
2020,standard_nonoverlap,1,under 1 year,74,37,1,111,112,66.667,33.333,66.071,33.036,0.893,2.000
2020,standard_nonoverlap,2,1-4 years,59,86,0,145,145,40.690,59.310,40.690,59.310,0.000,0.686
2020,standard_nonoverlap,3,5-9 years,21,29,0,50,50,42.000,58.000,42.000,58.000,0.000,0.724
2020,standard_nonoverlap,4,10-14 years,22,15,0,37,37,59.459,40.541,59.459,40.541,0.000,1.467
2020,standard_nonoverlap,5,15-17 years,4,6,0,10,10,40.000,60.000,40.000,60.000,0.000,0.667
2020,overall,1,under 18 years,180,173,1,353,354,50.992,49.008,50.847,48.870,0.282,1.040
2021,standard_nonoverlap,1,under 1 year,62,43,0,105,105,59.048,40.952,59.048,40.952,0.000,1.442
2021,standard_nonoverlap,2,1-4 years,51,68,1,119,120,42.857,57.143,42.500,56.667,0.833,0.750
2021,standard_nonoverlap,3,5-9 years,17,35,0,52,52,32.692,67.308,32.692,67.308,0.000,0.486
2021,standard_nonoverlap,4,10-14 years,11,10,0,21,21,52.381,47.619,52.381,47.619,0.000,1.100
2021,standard_nonoverlap,5,15-17 years,5,5,1,10,11,50.000,50.000,45.455,45.455,9.091,1.000
2021,overall,1,under 18 years,146,161,2,307,309,47.557,52.443,47.249,52.104,0.647,0.907
2022,standard_nonoverlap,1,under 1 year,91,61,0,152,152,59.868,40.132,59.868,40.132,0.000,1.492
2022,standard_nonoverlap,2,1-4 years,73,96,0,169,169,43.195,56.805,43.195,56.805,0.000,0.760
2022,standard_nonoverlap,3,5-9 years,28,40,0,68,68,41.176,58.824,41.176,58.824,0.000,0.700
2022,standard_nonoverlap,4,10-14 years,23,28,0,51,51,45.098,54.902,45.098,54.902,0.000,0.821
2022,standard_nonoverlap,5,15-17 years,7,5,0,12,12,58.333,41.667,58.333,41.667,0.000,1.400
2022,overall,1,under 18 years,222,230,0,452,452,49.115,50.885,49.115,50.885,0.000,0.965
2023,standard_nonoverlap,1,under 1 year,70,68,0,138,138,50.725,49.275,50.725,49.275,0.000,1.029
2023,standard_nonoverlap,2,1-4 years,56,84,1,140,141,40.000,60.000,39.716,59.574,0.709,0.667
2023,standard_nonoverlap,3,5-9 years,23,30,0,53,53,43.396,56.604,43.396,56.604,0.000,0.767
2023,standard_nonoverlap,4,10-14 years,12,13,0,25,25,48.000,52.000,48.000,52.000,0.000,0.923
2023,standard_nonoverlap,5,15-17 years,12,9,0,21,21,57.143,42.857,57.143,42.857,0.000,1.333
2023,overall,1,under 18 years,173,204,1,377,378,45.889,54.111,45.767,53.968,0.265,0.848
2024,standard_nonoverlap,1,under 1 year,68,56,0,124,124,54.839,45.161,54.839,45.161,0.000,1.214
2024,standard_nonoverlap,2,1-4 years,52,77,0,129,129,40.310,59.690,40.310,59.690,0.000,0.675
2024,standard_nonoverlap,3,5-9 years,24,23,0,47,47,51.064,48.936,51.064,48.936,0.000,1.043
2024,standard_nonoverlap,4,10-14 years,17,14,0,31,31,54.839,45.161,54.839,45.161,0.000,1.214
2024,standard_nonoverlap,5,15-17 years,10,4,0,14,14,71.429,28.571,71.429,28.571,0.000,2.500
2024,overall,1,under 18 years,171,174,0,345,345,49.565,50.435,49.565,50.435,0.000,0.983
2025,standard_nonoverlap,1,under 1 year,47,44,0,91,91,51.648,48.352,51.648,48.352,0.000,1.068
2025,standard_nonoverlap,2,1-4 years,42,54,1,96,97,43.750,56.250,43.299,55.670,1.031,0.778
2025,standard_nonoverlap,3,5-9 years,15,27,0,42,42,35.714,64.286,35.714,64.286,0.000,0.556
2025,standard_nonoverlap,4,10-14 years,14,16,0,30,30,46.667,53.333,46.667,53.333,0.000,0.875
2025,standard_nonoverlap,5,15-17 years,12,4,0,16,16,75.000,25.000,75.000,25.000,0.000,3.000
2025,overall,1,under 18 years,130,145,1,275,276,47.273,52.727,47.101,52.536,0.362,0.897
