year,source_name,stable_catalog_key,download_catalog_url,sha256,zip_size_bytes,retrieved_or_verified_utc,records_total,murder_or_nonnegligent_incident_records_including_justifiable,victim_slots_in_those_records_including_justifiable,incident_records_coded_justifiable,reported_additional_offenders_beyond_fixed_layout,qualifying_filicide_offender_records,qualifying_filicide_raw_sex_codes
1985,FBI Supplementary Homicide Report master file,master_files/shr/shr-1985.zip,https://cde.ucr.cjis.gov/LATEST/webapp/#/pages/downloads,119352828d361c805974cd91ae2d0ffafb228fee5821971407be6ebc0f7b716b,279184,2026-09-06T00:50:50+00:00,17597,17348,18131,585,0,419,"{""F"": 179, ""M"": 230, ""U"": 10}"
1986,FBI Supplementary Homicide Report master file,master_files/shr/shr-1986.zip,https://cde.ucr.cjis.gov/LATEST/webapp/#/pages/downloads,638f89c2309d061cbc2ef0ac0655154d37afc23b42eb438ff8546126d41cd903,298532,2026-09-06T00:50:50+00:00,19346,19089,19849,579,0,437,"{""F"": 230, ""M"": 203, ""U"": 4}"
1987,FBI Supplementary Homicide Report master file,master_files/shr/shr-1987.zip,https://cde.ucr.cjis.gov/LATEST/webapp/#/pages/downloads,ba1b321423c302ee11ae4068c4e2cd1e07600bf1f2bf80bd944178dd6d876ab4,274092,2026-09-06T00:50:50+00:00,18013,17747,18509,542,0,402,"{""F"": 199, ""M"": 199, ""U"": 4}"
1988,FBI Supplementary Homicide Report master file,master_files/shr/shr-1988.zip,https://cde.ucr.cjis.gov/LATEST/webapp/#/pages/downloads,079271584a170aa9a2ee5a022639bc513a5c6bfd6f4cf23c43a339dcccffb139,270761,2026-09-06T00:50:50+00:00,18071,17846,18546,569,0,394,"{""F"": 193, ""M"": 198, ""U"": 3}"
1989,FBI Supplementary Homicide Report master file,master_files/shr/shr-1989.zip,https://cde.ucr.cjis.gov/LATEST/webapp/#/pages/downloads,c76121db39e404252a475c1ffd41af64f3e5a6a5e5f99b3cf068f17034af8f10,285997,2026-09-06T00:50:50+00:00,19088,18812,19588,628,0,423,"{""F"": 218, ""M"": 197, ""U"": 8}"
1990,FBI Supplementary Homicide Report master file,master_files/shr/shr-1990.zip,https://cde.ucr.cjis.gov/LATEST/webapp/#/pages/downloads,b8aa1b0991bd5f5aa83b220412a0fea592c80e617ced876bcaa063989d5ec787,304755,2026-09-06T00:50:50+00:00,20404,20154,20986,703,0,397,"{""F"": 184, ""M"": 207, ""U"": 6}"
1991,FBI Supplementary Homicide Report master file,master_files/shr/shr-1991.zip,https://cde.ucr.cjis.gov/LATEST/webapp/#/pages/downloads,1c6ba7fd60d5460804412200c3fb12f3534a6df53039f9262e0a2c51eed0b84d,316037,2026-09-06T00:50:50+00:00,21817,21545,22374,682,0,460,"{""F"": 226, ""M"": 230, ""U"": 4}"
1992,FBI Supplementary Homicide Report master file,master_files/shr/shr-1992.zip,https://cde.ucr.cjis.gov/LATEST/webapp/#/pages/downloads,14f138cc0065d3607c1e7ab02737c7e6204f5227768a32698572c3c5e219ed47,329692,2026-09-06T00:50:50+00:00,22753,22460,23485,759,0,455,"{""F"": 180, ""M"": 267, ""U"": 8}"
1993,FBI Supplementary Homicide Report master file,master_files/shr/shr-1993.zip,https://cde.ucr.cjis.gov/LATEST/webapp/#/pages/downloads,51aec6a31ea7ffdc2b739790a64f9436c2e4b48f8e028c73b0615b792d30721d,335280,2026-09-06T00:50:50+00:00,23320,22984,23992,809,0,470,"{""F"": 193, ""M"": 273, ""U"": 4}"
1994,FBI Supplementary Homicide Report master file,master_files/shr/shr-1994.zip,https://cde.ucr.cjis.gov/LATEST/webapp/#/pages/downloads,6c092c1e5962a2bdb2f7c63fbf735d5a59c8736f61e516733c7b4168db435ccf,322829,2026-09-06T00:50:50+00:00,22231,21896,22899,803,0,461,"{""F"": 226, ""M"": 231, ""U"": 4}"
1995,FBI Supplementary Homicide Report master file,master_files/shr/shr-1995.zip,https://cde.ucr.cjis.gov/LATEST/webapp/#/pages/downloads,03df7cc51ce5bca33c6e42cfde31b993671f9706de63c310226a84b6e63d94ab,297378,2026-09-06T00:50:50+00:00,20099,19805,20889,651,0,440,"{""F"": 200, ""M"": 239, ""U"": 1}"
1996,FBI Supplementary Homicide Report master file,master_files/shr/shr-1996.zip,https://cde.ucr.cjis.gov/LATEST/webapp/#/pages/downloads,9aa93d8b43b5781b1868be3784a1192e6597200f8539680666ebcb7c6a108bf5,260621,2026-09-06T00:50:50+00:00,17054,16813,17585,609,0,431,"{""F"": 199, ""M"": 222, ""U"": 10}"
1997,FBI Supplementary Homicide Report master file,master_files/shr/shr-1997.zip,https://cde.ucr.cjis.gov/LATEST/webapp/#/pages/downloads,d7a648e59bf893abc32d36ba7aded485af669e8e55a677ffd9975376dcca76a4,245618,2026-09-06T00:50:50+00:00,15929,15689,16482,637,0,419,"{""F"": 204, ""M"": 212, ""U"": 3}"
1998,FBI Supplementary Homicide Report master file,master_files/shr/shr-1998.zip,https://cde.ucr.cjis.gov/LATEST/webapp/#/pages/downloads,a3dc5a63a28aae3914266e1cb55f73bbc25aaec8410f4ea448d02f952c609858,225827,2026-09-06T00:50:50+00:00,14313,14114,14772,558,0,402,"{""F"": 185, ""M"": 217}"
1999,FBI Supplementary Homicide Report master file,master_files/shr/shr-1999.zip,https://cde.ucr.cjis.gov/LATEST/webapp/#/pages/downloads,2ceecabfc50badbc0669a0f4b797c4ff566225a42ac017b7059795193b1cb4a0,208028,2026-09-06T00:50:50+00:00,12986,12792,13511,493,0,370,"{""F"": 168, ""M"": 202}"
2000,FBI Supplementary Homicide Report master file,master_files/shr/shr-2000.zip,https://cde.ucr.cjis.gov/LATEST/webapp/#/pages/downloads,e4bdbd0ddf21cec2ac532ec92bc265818460af51d5a55b95b5b2ae3bedfe3356,211520,2026-09-06T00:50:50+00:00,13220,13068,13703,471,0,342,"{""F"": 139, ""M"": 202, ""U"": 1}"
2001,FBI Supplementary Homicide Report master file,master_files/shr/shr-2001.zip,https://cde.ucr.cjis.gov/LATEST/webapp/#/pages/downloads,051bd944f8770a4519bbb848aa65cf444c5ae078ffc608c1b3cd4f7474514926,227091,2026-09-06T00:50:50+00:00,14146,13960,14679,591,0,402,"{""F"": 168, ""M"": 233, ""U"": 1}"
2002,FBI Supplementary Homicide Report master file,master_files/shr/shr-2002.zip,https://cde.ucr.cjis.gov/LATEST/webapp/#/pages/downloads,458f81d23fa208f5771f53bda88e2a77f73a643704cafb04cc63c4fe0a5a8836,235397,2026-09-06T00:50:50+00:00,14252,14049,14848,568,0,350,"{""F"": 154, ""M"": 196}"
2003,FBI Supplementary Homicide Report master file,master_files/shr/shr-2003.zip,https://cde.ucr.cjis.gov/LATEST/webapp/#/pages/downloads,d0ccf53e9834e9e0aed8c0cf1326b09e301423b55cc3b8be835740649f6fce00,236313,2026-09-06T00:50:50+00:00,14421,14244,15113,604,0,389,"{""F"": 172, ""M"": 217}"
2004,FBI Supplementary Homicide Report master file,master_files/shr/shr-2004.zip,https://cde.ucr.cjis.gov/LATEST/webapp/#/pages/downloads,0e033511a5b2a1fef087b2a573ac43f1346d55fe45410c72d293c5a8b8147f7b,212139,2026-09-06T00:50:50+00:00,14283,14101,14838,583,0,361,"{""F"": 155, ""M"": 206}"
2005,FBI Supplementary Homicide Report master file,master_files/shr/shr-2005.zip,https://cde.ucr.cjis.gov/LATEST/webapp/#/pages/downloads,002f09bfb4327d288feeee4ccf83a5ad3fba314415a8710563af8a46abccceb5,219680,2026-09-06T00:50:50+00:00,14874,14714,15528,538,0,362,"{""F"": 159, ""M"": 203}"
2006,FBI Supplementary Homicide Report master file,master_files/shr/shr-2006.zip,https://cde.ucr.cjis.gov/LATEST/webapp/#/pages/downloads,033a8deb7dee2e7e75f4c27f8a59595fceb42e4b7a6eb5c731e1427a636f4e02,223077,2026-09-06T00:50:50+00:00,15076,14899,15720,617,0,379,"{""F"": 154, ""M"": 225}"
2007,FBI Supplementary Homicide Report master file,master_files/shr/shr-2007.zip,https://cde.ucr.cjis.gov/LATEST/webapp/#/pages/downloads,27670fee72c36cbded50c7bba94880bbe3a4adcf0dcd76fb8b8b94909a612ec6,223706,2026-09-06T00:50:50+00:00,14977,14779,15571,643,0,400,"{""F"": 177, ""M"": 223}"
2008,FBI Supplementary Homicide Report master file,master_files/shr/shr-2008.zip,https://cde.ucr.cjis.gov/LATEST/webapp/#/pages/downloads,1a602c2242113570da2f4577ebd061eb81a7b66a359cf7c754d681852e0efb95,211213,2026-09-06T00:50:50+00:00,14336,14153,14926,621,0,400,"{""F"": 178, ""M"": 222}"
2009,FBI Supplementary Homicide Report master file,master_files/shr/shr-2009.zip,https://cde.ucr.cjis.gov/LATEST/webapp/#/pages/downloads,44f866fd73defbbe0a589ae825437c693b625312328372cfa919164cdcaef705,208253,2026-09-06T00:50:50+00:00,13858,13619,14436,671,0,375,"{""F"": 161, ""M"": 214}"
2010,FBI Supplementary Homicide Report master file,master_files/shr/shr-2010.zip,https://cde.ucr.cjis.gov/LATEST/webapp/#/pages/downloads,6afb26c625ec964502d59e30e8db79162cbf1f31bc22d59e94737ea9ea6bc4fa,200030,2026-09-06T00:50:50+00:00,13300,13120,13858,671,0,368,"{""F"": 152, ""M"": 216}"
2011,FBI Supplementary Homicide Report master file,master_files/shr/shr-2011.zip,https://cde.ucr.cjis.gov/LATEST/webapp/#/pages/downloads,cc49f7dc484807d301c79948c6992faca0c4a0aac5bedf0f661aff6fd3d8d9ef,204149,2026-09-06T00:50:50+00:00,12887,12708,13478,663,0,374,"{""F"": 153, ""M"": 219, ""U"": 2}"
2012,FBI Supplementary Homicide Report master file,master_files/shr/shr-2012.zip,https://cde.ucr.cjis.gov/LATEST/webapp/#/pages/downloads,573efe44bc6d2bf50428bf7f8154281d00985f36a9615e69c206145558f27d33,205146,2026-09-06T00:50:50+00:00,13068,12882,13725,735,0,325,"{""F"": 141, ""M"": 184}"
2013,FBI Supplementary Homicide Report master file,master_files/shr/shr-2013.zip,https://cde.ucr.cjis.gov/LATEST/webapp/#/pages/downloads,7a1d30ef09a124e1fb3e098516efb135cdcaeaedc13051fbab36748981fc8216,182895,2026-09-06T00:50:50+00:00,12546,12366,13153,743,0,313,"{""F"": 137, ""M"": 176}"
2014,FBI Supplementary Homicide Report master file,master_files/shr/shr-2014.zip,https://cde.ucr.cjis.gov/LATEST/webapp/#/pages/downloads,270548d08925eef5b50b3f58bcd0492c447f673ebc63e4350a4e06234fb7e1c9,198681,2026-09-06T00:50:50+00:00,12532,12342,13014,736,0,360,"{""F"": 169, ""M"": 191}"
2015,FBI Supplementary Homicide Report master file,master_files/shr/shr-2015.zip,https://cde.ucr.cjis.gov/LATEST/webapp/#/pages/downloads,4e1a65484b25605c3f6d08553a036f80d8159996c4f8e77fdca808b4f41e9dba,197879,2026-09-06T00:50:50+00:00,13844,13655,14547,783,0,319,"{""F"": 141, ""M"": 176, ""U"": 2}"
2016,FBI Supplementary Homicide Report master file,master_files/shr/shr-2016.zip,https://cde.ucr.cjis.gov/LATEST/webapp/#/pages/downloads,e5f97c3ab275c9d2f14581349da5bb6f4adf484bc17ac49b7c8712030804d026,214287,2026-09-06T00:50:50+00:00,15331,15097,16078,770,0,318,"{""F"": 132, ""M"": 185, ""U"": 1}"
2017,FBI Supplementary Homicide Report master file,master_files/shr/shr-2017.zip,https://cde.ucr.cjis.gov/LATEST/webapp/#/pages/downloads,2f8518d0afb44f45803f7489bdabd9efae437850ca4ed9a37d628f2d728cd78e,283175,2026-09-06T00:50:50+00:00,15731,15139,16138,801,8,326,"{""F"": 148, ""M"": 176, ""U"": 2}"
2018,FBI Supplementary Homicide Report master file,master_files/shr/shr-2018.zip,https://cde.ucr.cjis.gov/LATEST/webapp/#/pages/downloads,eaddd684cef068f8898235625e0b70c5fb785f4872110c46ef511d812c561893,277427,2026-09-06T00:50:50+00:00,15140,14491,15434,799,11,330,"{""F"": 156, ""M"": 174}"
2019,FBI Supplementary Homicide Report master file,master_files/shr/shr-2019.zip,https://cde.ucr.cjis.gov/LATEST/webapp/#/pages/downloads,15a19a9d86431533a60d6f894691e5d35cb61d06bcb872b7f4a6625e9c64c402,284835,2026-09-06T00:50:50+00:00,15511,14604,15549,799,2,353,"{""F"": 169, ""M"": 183, ""U"": 1}"
2020,FBI Supplementary Homicide Report master file,master_files/shr/shr-2020.zip,https://cde.ucr.cjis.gov/LATEST/webapp/#/pages/downloads,22a7b6cd96cb1db9963faa1e78c81bd871218f6f8e44e5695d19eb6432be1203,336906,2026-09-06T00:50:50+00:00,20120,18794,19974,791,39,354,"{""F"": 173, ""M"": 180, ""U"": 1}"
2021,FBI Supplementary Homicide Report master file,master_files/shr/shr-2021.zip,https://cde.ucr.cjis.gov/LATEST/webapp/#/pages/downloads,bf15110b97959c7757463515dabe5f4a5babe32d7eb6743b2fbc63b8c51915aa,322763,2026-09-06T00:50:50+00:00,17951,16222,17532,635,2,309,"{""F"": 161, ""M"": 146, ""U"": 2}"
2022,FBI Supplementary Homicide Report master file,master_files/shr/shr-2022.zip,https://cde.ucr.cjis.gov/LATEST/webapp/#/pages/downloads,261b7b264e7af0fca78b7ba4cb3d432861ff0c00673af0a758aabe048c6f6279,383357,2026-09-06T00:50:50+00:00,21636,19742,21364,885,9,452,"{""F"": 230, ""M"": 222}"
2023,FBI Supplementary Homicide Report master file,master_files/shr/shr-2023.zip,https://cde.ucr.cjis.gov/LATEST/webapp/#/pages/downloads,d8a13deb2f978f35cbe1b43facdf68853cdfe5919ef071d50ac643f6a445a339,370921,2026-09-06T00:50:50+00:00,20419,18344,19731,869,17,378,"{""F"": 204, ""M"": 173, ""U"": 1}"
2024,FBI Supplementary Homicide Report master file,master_files/shr/shr-2024.zip,https://cde.ucr.cjis.gov/LATEST/webapp/#/pages/downloads,fff005ef71ec42ff5106b19cd37c9a1532f9b5eb8122f5f62d56f7bf2c831b18,340272,2026-09-06T00:50:50+00:00,18290,16136,17370,836,5,345,"{""F"": 174, ""M"": 171}"
2025,FBI Supplementary Homicide Report master file,master_files/shr/shr-2025.zip,https://cde.ucr.cjis.gov/LATEST/webapp/#/pages/downloads,bc97c5a8bc2f6e14efcd22f43e562eebec5ec37341afeabce14319932b4e0a98,286412,2026-09-06T00:50:50+00:00,14954,13065,14045,654,11,276,"{""F"": 145, ""M"": 130, ""U"": 1}"
